"","race","per_million"
"1","White",16.9098835948545
"2","Black",43.1597503583962
"3","Asian",6.37057426649845
"4","Other",2.95570717741158
